{
  "by_kind": {
    "exec": {
      "blocks": 34852,
      "chars": {
        "max": 2825.0,
        "mean": 393.57032594973026,
        "median": 333.0,
        "min": 8.0,
        "n": 34852,
        "p10": 150.0,
        "p25": 225.0,
        "p75": 478.25,
        "p90": 690.0,
        "p95": 886.0
      },
      "stripped_chars": {
        "max": 2824.0,
        "mean": 393.54811775507864,
        "median": 333.0,
        "min": 8.0,
        "n": 34852,
        "p10": 150.0,
        "p25": 225.0,
        "p75": 478.25,
        "p90": 690.0,
        "p95": 886.0
      },
      "tokens": {
        "max": 516.0,
        "mean": 106.97796396189602,
        "median": 82.0,
        "min": 2.0,
        "n": 34852,
        "p10": 39.0,
        "p25": 56.0,
        "p75": 123.0,
        "p90": 193.0,
        "p95": 276.0
      },
      "words": {
        "max": 436.0,
        "mean": 67.25398829335475,
        "median": 56.0,
        "min": 1.0,
        "n": 34852,
        "p10": 25.0,
        "p25": 39.0,
        "p75": 81.0,
        "p90": 118.0,
        "p95": 153.0
      }
    },
    "steer": {
      "blocks": 34852,
      "chars": {
        "max": 389.0,
        "mean": 28.1253299667164,
        "median": 27.0,
        "min": 8.0,
        "n": 34852,
        "p10": 19.0,
        "p25": 23.0,
        "p75": 32.0,
        "p90": 37.0,
        "p95": 41.0
      },
      "stripped_chars": {
        "max": 389.0,
        "mean": 28.125301273958453,
        "median": 27.0,
        "min": 8.0,
        "n": 34852,
        "p10": 19.0,
        "p25": 23.0,
        "p75": 32.0,
        "p90": 37.0,
        "p95": 41.0
      },
      "tokens": {
        "max": 94.0,
        "mean": 5.269740617468151,
        "median": 5.0,
        "min": 2.0,
        "n": 34852,
        "p10": 3.0,
        "p25": 4.0,
        "p75": 6.0,
        "p90": 8.0,
        "p95": 9.0
      },
      "words": {
        "max": 55.0,
        "mean": 3.9278377137610465,
        "median": 4.0,
        "min": 1.0,
        "n": 34852,
        "p10": 3.0,
        "p25": 3.0,
        "p75": 4.0,
        "p90": 5.0,
        "p95": 6.0
      }
    }
  },
  "by_subtype": {
    "normal_exec": {
      "blocks": 34852,
      "chars": {
        "max": 2825.0,
        "mean": 393.57032594973026,
        "median": 333.0,
        "min": 8.0,
        "n": 34852,
        "p10": 150.0,
        "p25": 225.0,
        "p75": 478.25,
        "p90": 690.0,
        "p95": 886.0
      },
      "tokens": {
        "max": 516.0,
        "mean": 106.97796396189602,
        "median": 82.0,
        "min": 2.0,
        "n": 34852,
        "p10": 39.0,
        "p25": 56.0,
        "p75": 123.0,
        "p90": 193.0,
        "p95": 276.0
      },
      "words": {
        "max": 436.0,
        "mean": 67.25398829335475,
        "median": 56.0,
        "min": 1.0,
        "n": 34852,
        "p10": 25.0,
        "p25": 39.0,
        "p75": 81.0,
        "p90": 118.0,
        "p95": 153.0
      }
    },
    "normal_steer": {
      "blocks": 33514,
      "chars": {
        "max": 389.0,
        "mean": 27.754699528555232,
        "median": 27.0,
        "min": 8.0,
        "n": 33514,
        "p10": 19.0,
        "p25": 23.0,
        "p75": 32.0,
        "p90": 36.0,
        "p95": 39.0
      },
      "tokens": {
        "max": 94.0,
        "mean": 5.126156233215969,
        "median": 5.0,
        "min": 2.0,
        "n": 33514,
        "p10": 3.0,
        "p25": 4.0,
        "p75": 6.0,
        "p90": 7.0,
        "p95": 9.0
      },
      "words": {
        "max": 55.0,
        "mean": 3.84833204034135,
        "median": 4.0,
        "min": 1.0,
        "n": 33514,
        "p10": 3.0,
        "p25": 3.0,
        "p75": 4.0,
        "p90": 5.0,
        "p95": 6.0
      }
    },
    "synthetic_continue_steer": {
      "blocks": 687,
      "chars": {
        "max": 17.0,
        "mean": 16.00145560407569,
        "median": 16.0,
        "min": 16.0,
        "n": 687,
        "p10": 16.0,
        "p25": 16.0,
        "p75": 16.0,
        "p90": 16.0,
        "p95": 16.0
      },
      "tokens": {
        "max": 5.0,
        "mean": 4.001455604075692,
        "median": 4.0,
        "min": 4.0,
        "n": 687,
        "p10": 4.0,
        "p25": 4.0,
        "p75": 4.0,
        "p90": 4.0,
        "p95": 4.0
      },
      "words": {
        "max": 3.0,
        "mean": 3.0,
        "median": 3.0,
        "min": 3.0,
        "n": 687,
        "p10": 3.0,
        "p25": 3.0,
        "p75": 3.0,
        "p90": 3.0,
        "p95": 3.0
      }
    },
    "synthetic_enumerate_steer": {
      "blocks": 651,
      "chars": {
        "max": 60.0,
        "mean": 60.0,
        "median": 60.0,
        "min": 60.0,
        "n": 651,
        "p10": 60.0,
        "p25": 60.0,
        "p75": 60.0,
        "p90": 60.0,
        "p95": 60.0
      },
      "tokens": {
        "max": 14.0,
        "mean": 14.0,
        "median": 14.0,
        "min": 14.0,
        "n": 651,
        "p10": 14.0,
        "p25": 14.0,
        "p75": 14.0,
        "p90": 14.0,
        "p95": 14.0
      },
      "words": {
        "max": 9.0,
        "mean": 9.0,
        "median": 9.0,
        "min": 9.0,
        "n": 651,
        "p10": 9.0,
        "p25": 9.0,
        "p75": 9.0,
        "p90": 9.0,
        "p95": 9.0
      }
    }
  },
  "dataset": "/fs/scratch/PAA0201/ollieproudman/DecomposedReasoning/Analysis/branching_eval/sft_warmup_off_policy/sft_warmup_final_sft2000_ckpt300_verbalized_offpolicy_p02_nobranch_fixed_complete_2000_20260623T131907Z",
  "parse_mismatch_count": 0,
  "parse_mismatch_examples": [],
  "parsed_blocks": 69704,
  "per_completion_block_counts": {
    "exec": {
      "max": 85.0,
      "mean": 17.426,
      "median": 16.0,
      "min": 4.0,
      "n": 2000,
      "p10": 10.0,
      "p90": 27.0
    },
    "steer": {
      "max": 85.0,
      "mean": 17.426,
      "median": 16.0,
      "min": 4.0,
      "n": 2000,
      "p10": 10.0,
      "p90": 27.0
    }
  },
  "rows": 2000,
  "token_counts_exact": true,
  "tokenizer": "/fs/scratch/PAA0201/ollieproudman/DecomposedReasoning/RLTraining/qwen35_branching_dapo/served_models/qwen35_4b_branch_gs50_structured_baseline_lr2e6_execT1_5611097_global_step_300_hf"
}